station,location,scenario,date,Month,Discharge today (m3/s),Discharge yesterday (m3/s),Rain today (mm),Rain last 3 days (mm),Rain last 7 days (mm),Soil moisture today,Soil moisture 3-day avg,Temperature (C),Humidity (%),model_probability,risk,actual_next_day
120.0,Chameliya/Nayalbadi,Normal day,2026-07-26,7,51.8,49.8,7.7,51.9,131.7,0.5,0.51,28.0,78,0.005,LOW,0
120.0,Chameliya/Nayalbadi,High-flow day,2024-08-10,8,110.9,107.1,13.4,53.0,195.0,0.51,0.51,26.0,90,1.0,HIGH,1
280.0,Chisapani,Normal day,2026-08-14,8,1.6,1.6,19.0,49.9,106.1,0.42,0.42,28.0,92,0.02,LOW,0
280.0,Chisapani,High-flow day,2025-08-06,8,6.9,4.7,3.6,122.5,196.2,0.43,0.43,26.5,92,1.0,HIGH,1
291.0,Bhada Bridge,Normal day,2026-08-18,8,0.9,0.5,15.9,66.1,162.9,0.43,0.43,27.5,93,0.18,LOW,0
291.0,Bhada Bridge,High-flow day,2026-08-19,8,1.7,0.9,2.3,36.6,162.3,0.42,0.43,29.0,90,0.065,LOW,1
375.0,Kusum,Normal day,2026-07-11,7,276.3,168.0,21.8,72.0,120.0,0.3,0.28,27.5,94,0.18,LOW,0
375.0,Kusum,High-flow day,2026-08-30,8,655.1,475.4,7.8,24.3,74.9,0.41,0.4,28.0,96,0.84,HIGH,1
446.22,Rasuwagadhi,Normal day,2026-06-13,6,2.1,2.1,5.3,63.3,109.2,0.42,0.42,21.5,75,0.015,LOW,0
446.22,Rasuwagadhi,High-flow day,2026-08-20,8,4.5,4.1,12.4,66.3,99.7,0.42,0.42,24.0,87,0.895,HIGH,1
450.0,Devghat,Normal day,2026-07-12,7,3.0,2.8,42.8,56.6,104.0,0.32,0.31,28.0,90,0.08,LOW,0
450.0,Devghat,High-flow day,2024-07-12,7,8.9,8.7,19.5,82.7,176.4,0.43,0.42,26.5,89,1.0,HIGH,1
550.05,Khokana,Normal day,2026-04-30,4,3.3,1.2,11.1,69.5,105.6,0.32,0.31,16.5,88,0.105,LOW,0
550.05,Khokana,High-flow day,2026-07-13,7,9.9,2.3,58.3,165.6,268.0,0.41,0.41,23.0,97,0.935,HIGH,1
595.5,Belsot,Normal day,2026-07-17,7,55.9,52.2,5.8,29.7,97.6,0.35,0.35,30.0,80,0.02,LOW,0
595.5,Belsot,High-flow day,2024-07-21,7,127.8,133.6,0.5,0.5,13.9,0.38,0.39,30.0,75,1.0,HIGH,1
610.0,Bahrabise,Normal day,2026-07-09,7,7.7,7.7,12.0,61.7,113.6,0.31,0.3,26.0,87,0.035,LOW,0
610.0,Bahrabise,High-flow day,2026-07-22,7,19.7,20.7,39.7,120.5,265.7,0.42,0.42,25.0,88,0.98,HIGH,1
695.0,Chatara,Normal day,2026-08-21,8,2.9,3.0,2.1,7.4,18.0,0.35,0.35,29.0,87,0.01,LOW,0
695.0,Chatara,High-flow day,2026-07-20,7,6.7,5.2,34.6,70.4,100.9,0.4,0.39,26.5,92,0.785,HIGH,1
